ACCOUNT_ID,MERCHANT_ID,POS_COHORT,COUNTRY
acct_1U57Z14nidNHo7Kq,3144836,2024-09,us
acct_1U3X1c5QnOKBkrQ1,3149248,2024-09,us
acct_1U58bA6p9tdg3zFI,3190924,2024-10,gb
acct_1U0RNX5nQMFoekO7,3172749,2024-09,us
acct_1TwW8Z7XcmDxB0e1,3230199,2024-10,us
acct_1U5Kvq6QzizMF7Wi,3171286,2024-09,gb
acct_1TVuwR6xx1nUvruq,3217212,2024-10,us
acct_1U6JR67Y1AyKtvgO,3220262,2024-10,us
acct_1TUrlc6VHX8yd1Wy,3222781,2024-10,us
acct_1Twphr6fTuQW7vKb,3518012,2025-03,us
acct_1U4Q1g8bV3ELH6VH,3540712,2025-03,us
acct_1TvnTp6qOHFsd8A4,3532674,2025-03,us
acct_1U5Ex35rq7kqSWge,3598782,2025-04,us
acct_1U8rWB9PlocjQMN5,3614793,2025-04,us
acct_1TuCFY6voXsMUDGG,3637501,2025-05,us
acct_1Ttv1K5Mannx2wup,3643321,2025-05,us
acct_1UDMkQ4rLjPc2doC,3749884,2025-06,us
acct_1TwTxi4pMpwU90Wp,3775428,2025-06,us
acct_1TyEuM7Na6QfXyIh,3785433,2025-06,us
acct_1U5C2Z6BAZn3VOUt,3603009,2025-04,gb
acct_1ULRZI5CoPjV0Mq2,3648173,2025-05,us
acct_1UBz8Y6xBcNv0JwS,3714467,2025-06,us
acct_1U6Uu14Rf0XDOODX,3742658,2025-06,us
acct_1UHbNg6NuJm1OQYn,3757813,2025-06,us
acct_1U5Lfg7WxciRyHyN,3524078,2025-03,gb
acct_1TuJ6W5yJjPnu243,3585415,2025-04,us
acct_1TvGNV9OeLnMaEu7,3614490,2025-04,us
acct_1TtDcz9jSXPXy4xC,3785141,2025-06,us
acct_1UMGc87Kz9tJ2vv2,3542978,2025-03,pr
acct_1TvVTX7BNeHfUHap,3697469,2025-05,us
acct_1TtvA97CFTThc8wM,3561728,2025-03,us
acct_1U5B1yGDbCP4inNG,3639359,2025-05,gb
acct_1UMLjI7ZzeCqKKsf,3714686,2025-06,pr
acct_1U3gMT8T4679yQMi,3703635,2025-05,gb
acct_1U57rQ5qU6KoL7k7,3732331,2025-06,pr
acct_1TzKgv8QzU4tD7KW,3787884,2025-07,us
acct_1UHQAq8AS1qJG6dA,5236930,2026-09,us
acct_1UHCwv8tKsl52II1,5237029,2026-09,us
acct_1U7jZX7fmKGZyBw7,5036359,2026-07,us
acct_1UItuF70FqShHvHi,5253988,2026-09,us
acct_1UIuS96pTOgI75sZ,5254064,2026-09,us
acct_1UK7v97UYK3kelnL,5265475,2026-09,us
acct_1UKDuP7ye2eFGQcC,5266269,2026-09,us
acct_1UKCiE5XAjJaSmKv,5266095,2026-09,us
acct_1UKQB36Coz9tLuW2,5268067,2026-09,us
acct_1TxmVR58P4y3ufaL,4523381,2026-03,us
acct_1ULWoo7Fg1q53ZR8,5279227,2026-09,us
acct_1UKEF06fa84MFlrX,5266301,2026-09,us
acct_1UMbEc9mqGF9HmM5,5289536,2026-10,us
acct_1UMZMh5YEG5HEfJK,5289638,2026-10,us
acct_1UN9hu4MGA4Bs0bg,5294889,2026-10,us
acct_1UMdcQ7k2AfD2jbs,5290188,2026-10,us
acct_1UMuEfGAvQ5t1nSQ,5292671,2026-10,us
acct_1UMhE78x0RRQtZQM,5290721,2026-10,us
acct_1UN46892RAx7aOcl,5294053,2026-10,us
acct_1UMvYnG9bo7ILdWE,5292762,2026-10,us
acct_1UMhN19lc3wfTkra,5290664,2026-10,us
acct_1UMvE3G4dl5BO1J5,5292823,2026-10,us
acct_1UMgsu5VWjylZHk7,5290675,2026-10,us
acct_1UN9GaQCBrpln0bN,5294824,2026-10,us
acct_1UNBmn4qzj8XloE9,5295250,2026-10,us
acct_1U0DY58f2dQci77W,4911573,2026-06,us
acct_1UA8XWQFL9uJPDqW,4912738,2026-06,us
acct_1ToYX95dda3VFZl3,4924304,2026-07,us
acct_1ToYeE8OSQaOzHt5,4924423,2026-07,us
acct_1TohCZ7Lzz5gXc9E,4925918,2026-07,us
acct_1TqKel5B6Ajq2hj4,4929146,2026-07,us
acct_1ULDZM4xPxHZWXx5,5275898,2026-09,us
acct_1UJzau9lBg1xprHG,5264465,2026-09,us
acct_1U1WeZ52qyiukstO,4426089,2026-02,us
acct_1TqiZy6VKBgDq5RQ,4932701,2026-07,us
acct_1TpdDV4m00Ds6Gx3,4936252,2026-07,us
acct_1TqDjv5QsF0Xrbqv,4942643,2026-07,us
acct_1TqiBg5A03nPz366,4950062,2026-07,us
acct_1TqzKB9c67JjpMOd,4954008,2026-07,us
acct_1TrUff5gkWbShx7L,4955703,2026-07,us
acct_1Ts84G8sVTi6PTWk,4966857,2026-07,us
acct_1Ts8Vw6LSb300ImF,4966891,2026-07,us
acct_1Tufay9Oz3DYiARW,4969965,2026-07,us
acct_1TudszG62KcrI8Vv,4973539,2026-07,us
acct_1Tt1Es9g77vZd1Ir,4977017,2026-07,us
acct_1TtBQl7S7xbzcxPL,4979162,2026-07,us
acct_1TtGDaGHQcCqR5Pl,4979887,2026-07,us
acct_1TvoNGGExo2FRtPZ,4982843,2026-07,us
acct_1TtyAz8KEDUvsP2a,4987032,2026-07,us
acct_1UHBOe65dD3q6Kgd,5236750,2026-09,us
acct_1TvgVy6saaIjhYUI,5007011,2026-07,us
acct_1Tw2wS8MLHlZTkKE,5011469,2026-07,us
acct_1TwiMz6wR7ltJVTk,5017387,2026-07,us
acct_1UIQFj5XrXwBOPNv,5248891,2026-09,us
acct_1UICNZ5hjsENkvb6,5246690,2026-09,us
acct_1U1Twv77zViLPJXZ,5061100,2026-08,us
acct_1U0QjJ5BI1WKDyVm,5061328,2026-08,us
acct_1U3zSb5Sl5w409dc,5066259,2026-08,us
acct_1U1Ljz8L6JQZME0w,5071536,2026-08,us
acct_1U1X8T68iCelOfby,5073688,2026-08,us
acct_1U1ZO0G4dbg5N83q,5073875,2026-08,us
acct_1U20HL994R9cJpff,5078623,2026-08,us
acct_1UFLoA5ypEONouo3,4722588,2026-05,us
acct_1Toqua9Iyn3F9xbN,4928138,2026-07,us
acct_1UHo7I9NQm5IvnZK,5242420,2026-09,us
acct_1ULlzp61QVTimPZ0,5281707,2026-10,us
acct_1TtvB09E0PdbKXcC,4509952,2026-03,us
acct_1U2CANG3LtRWOABA,4387121,2026-02,us
acct_1UCAgp5TR2pVISx6,4393315,2026-02,us
acct_1Tuk0b9nbgWzyMxG,4935204,2026-07,us
acct_1TpeKh5cAZoECYfn,4936421,2026-07,us
acct_1Tr22i6fzZ2QXlpy,4954515,2026-07,us
acct_1TsBKM5fEHwyOixc,4967229,2026-07,us
acct_1U4O3N5WyPDwhBsD,4970958,2026-07,us
acct_1TstkX5tWgDkBfDc,4975514,2026-07,us
acct_1TtKGz5RA4DgBkVE,4977081,2026-07,us
acct_1TtJcw7rN0ka64gi,4980523,2026-07,us
acct_1TthPZ9HBf7ROYcX,4984476,2026-07,us
acct_1Ttxaz8ZLb0QJ1xg,4987555,2026-07,us
acct_1Tu9qR5m7sWLqK03,4987746,2026-07,us
acct_1UHmrI7nBkUEEgsf,5242396,2026-09,us
acct_1UJDBu97ldVicSY6,5242410,2026-09,us
acct_1UHElg9iArpc4lex,5237271,2026-09,us
acct_1TvY548wCZoEbjHD,5005381,2026-07,us
acct_1TvliVG1HAkh0bOc,5007985,2026-07,us
acct_1Tw2gF4yu1rGqQyt,5011372,2026-07,us
acct_1Tw7Hh960vyczvNt,5012195,2026-07,us
acct_1Twl2B6Aehio0hfS,5018950,2026-07,us
acct_1Twuk46ZhZcDQqGv,5020539,2026-07,us
acct_1U054E9gbWe8blQS,5057674,2026-08,us
acct_1U0AuG6teyLgbUny,5058460,2026-08,us
acct_1U0mpz8AlaB5Qt6V,5065220,2026-08,us
acct_1U1rct4UgNsCfLfV,5066767,2026-08,us
acct_1U15hV9x0c22Iffs,5068707,2026-08,us
acct_1U18yH5xpwPtGHXm,5069406,2026-08,us
acct_1U1fgi8DQnI4pvnK,5075024,2026-08,us
acct_1UI8md4XNc0Vv3X3,5246004,2026-09,us
acct_1U6jjX9mCMh4nlcx,4868401,2026-06,us
acct_1Txpn38F7fOA6EfX,4507073,2026-03,us
acct_1UJGiX4n1GdSOjbk,4381527,2026-02,pr
acct_1U7nZN4pH7LPwiY0,4389673,2026-02,us
acct_1TqcsC94tjDSmK7h,4948708,2026-07,us
acct_1TrriH65XqQhYNuF,4951011,2026-07,us
acct_1Tr7em8ffuGKznj0,4955408,2026-07,us
acct_1TsXzs8xzPNQOt3L,4971087,2026-07,us
acct_1Tsn6f9viLNwKBK0,4973553,2026-07,us
acct_1TtG6b9lITwgsGvx,4975609,2026-07,us
acct_1TtE6u7cAH70ttUO,4979550,2026-07,us
acct_1TtKst59Oq9aBs4Y,4980034,2026-07,us
acct_1UHFoo4h3ijG1S7n,5237492,2026-09,us
acct_1TvcOA9bisnZHyys,5006117,2026-07,us
acct_1Tw1mQ4fR04h3t5S,5011074,2026-07,us
acct_1TwVqn96tb4PEPSW,5016777,2026-07,us
acct_1TwWYh7JGiSHuCjf,5016882,2026-07,us
acct_1U02cl4QH0jDRm4k,5056742,2026-08,us
acct_1U08s16YGKHV19sm,5058184,2026-08,us
acct_1U0ELk6ntk5TgMDp,5058842,2026-08,us
acct_1UCmfv5jPuPux6Ds,5062044,2026-08,us
acct_1U1AVt6hj9YluYcK,5069705,2026-08,us
acct_1U4vAl8RYKZL54E1,5069962,2026-08,us
acct_1U1dN57PVTL9CHij,5070321,2026-08,us
acct_1U1N2M6pgMS0DaDb,5071746,2026-08,us
acct_1U4RCt6YLpJZuaH2,5074671,2026-08,us
acct_1U24kvGDxrd62e4v,5079379,2026-08,us
acct_1TwSfR6Jkh1eWqlD,4903328,2026-06,us
acct_1TvsSMGLIgU4gA5w,4907261,2026-06,us
acct_1TzlXk78dPntvtpp,4913177,2026-06,us
acct_1ToVZI5hp9AJx3YW,4923962,2026-07,us
acct_1ToVZO6Oc7rQl2Nk,4923962,2026-07,us
acct_1ToVMS5HJwiNiT0y,4924009,2026-07,us
acct_1ToWED7zNIyqSfKN,4924125,2026-07,us
acct_1Toa3aGDzL8ivZeX,4924570,2026-07,us
acct_1Tofgn5nKV1ytFoG,4925632,2026-07,us
acct_1UKkGc4ezjooyOlA,5271281,2026-09,us
acct_1ULulj9cdxEvOCSB,5283083,2026-10,us
acct_1UJFG384YnK7U6Lb,5257469,2026-09,us
acct_1U9eQK5bIKcjdqld,5155193,2026-08,us
acct_1Ttx8h91vVY3ZpMi,4717596,2026-05,us
acct_1UMrVD7xZR1C54Gw,4506780,2026-03,pr
acct_1UL1zk5Wls9mpM7v,4389701,2026-02,pr
acct_1Tu2e15BuxKqmTzi,4408822,2026-02,us
acct_1TpBK68n6hKE542k,4931494,2026-07,us
acct_1TpOD35KOXerlS6l,4933266,2026-07,us
acct_1TpslP7k0jiymRAv,4938830,2026-07,us
acct_1Tqi3v8jynLd53fa,4950054,2026-07,us
acct_1Tqv3L84BAbKYNcp,4952636,2026-07,us
acct_1Tr9RQ6WF4lO8Pgw,4955836,2026-07,us
acct_1TrP607d9Rj8zgUk,4958924,2026-07,us
acct_1TshTW8WL2KYZwld,4972853,2026-07,us
acct_1Tsw4D9lgKzLy9Lv,4976006,2026-07,us
acct_1TtUxJ5PegT02ycs,4982672,2026-07,us
acct_1TtcJ28TzApOlo6q,4983776,2026-07,us
acct_1UFcp26hk5GywsMz,4983833,2026-07,us
acct_1Tteaq4RJlDUykTE,4984121,2026-07,us
acct_1TthlFQIef4mv3J2,4984729,2026-07,us
acct_1U5IDe8WSd5zgBEb,4987087,2026-07,gb
acct_1U0QO46apESo6WG1,4987447,2026-07,us
acct_1UGeGP8n1jIYIJYO,5231399,2026-09,us
acct_1UGooD54ptlADEhy,5233257,2026-09,us
acct_1UHcHF7DiAmsXG58,5240592,2026-09,us
acct_1TvcjY7x3BXQzi6k,5006153,2026-07,us
acct_1Tvf9f60WSA4urji,5006727,2026-07,us
acct_1TvlMb7umGxRHj7H,5007936,2026-07,us
acct_1TwGtu8kuFsbws8t,5013946,2026-07,us
acct_1TwT8Y8NB8uL4gKb,5016355,2026-07,us
acct_1TwlS0G4ry1BREZe,5019543,2026-07,us
acct_1TwqwY7UXZMl3Hmh,5020268,2026-07,us
acct_1U16yz8I76WMrLAj,5050518,2026-07,us
acct_1TzVC39Y4utYVRNs,5051909,2026-08,us
acct_1TzyVs6RidaEcius,5056416,2026-08,us
acct_1U0GfR8UJXG4CAjW,5059411,2026-08,us
acct_1U1wMx7r3De00EAF,5077993,2026-08,us
acct_1U2CjK5L2d0OrJvO,5078584,2026-08,us
acct_1U5bx39zhfhJ2vbz,5079077,2026-08,us
acct_1U1ZjE8l4boWrOTe,4916747,2026-06,us
acct_1ULn8T9CREE4Tbwl,5281805,2026-10,us
acct_1Tww9V8OvcUDepWg,4506644,2026-03,us
acct_1ULV5W5SiRYG2xa5,5278972,2026-09,us
acct_1TpBaA5CYDQPGjHt,4931416,2026-07,us
acct_1TpG2P9JnuwNarIg,4932117,2026-07,us
acct_1TpbSG7fWHLoamb1,4935966,2026-07,us
acct_1TpxjZ9762FzcO1s,4939785,2026-07,us
acct_1TpzAx5iU8EgbGlL,4939993,2026-07,us
acct_1Tq0p08WVKLTXAtv,4940179,2026-07,us
acct_1Tqx0j6KVeviFSZv,4953233,2026-07,us
acct_1TqxQI5nBRoS5Blq,4953642,2026-07,us
acct_1TsN5T4Yi0wLAW5W,4954501,2026-07,us
acct_1TrDaI6aODbhoJkw,4955335,2026-07,us
acct_1TrUQrGCFKZFtYnx,4959948,2026-07,us
acct_1TrkLK8W1Kg639hT,4962898,2026-07,us
acct_1TrlHv8TznnkI6g3,4962992,2026-07,us
acct_1Ts1P26koGI2q9j5,4965176,2026-07,us
acct_1TsNEw6s1OKt5XDL,4969419,2026-07,us
acct_1TzfpD6xxExC4BXC,4970186,2026-07,us
acct_1Tsoyq7n6iooP3S3,4974588,2026-07,us
acct_1TvTRbQJcFMN7Q5w,4978265,2026-07,us
acct_1TtwSf5YoqwL8zFq,4987643,2026-07,us
acct_1TvM4N60PqcSrq7L,4987846,2026-07,us
acct_1UHlVr4qF0yAT5zO,5242069,2026-09,us
acct_1UHZ099ZSnaF1bgm,5240343,2026-09,us
acct_1TxAQjG6iUrq4DFX,5017724,2026-07,us
acct_1TwujM9vaL6o2yQM,5020948,2026-07,us
acct_1TyIRl6czJfhumMv,5036755,2026-07,us
acct_1TyIyL752BS0nqgt,5036854,2026-07,us
acct_1UJMF8GIbno30dSu,5258425,2026-09,us
acct_1TzNOF9JIeDkPEmt,5050701,2026-07,us
acct_1TzhJz6IDNF7BK9G,5053452,2026-08,us
acct_1U3qsx9ZgwvP8lEg,5058903,2026-08,us
acct_1U5pfkG0EiOUgjg2,5060916,2026-08,us
acct_1U0lWT6L332XZ4sj,5065073,2026-08,us
acct_1U0muw7lafJOaDSt,5065327,2026-08,us
acct_1U1Ez97ozeJ7arAr,5066253,2026-08,us
acct_1U1Cjo4cmPECFMlR,5070082,2026-08,us
acct_1U1ZIL7eFHAb0z3E,5073974,2026-08,us
acct_1U1xO34itZrnBx83,5078171,2026-08,us
acct_1UBFfH7y6noUcEt2,4714931,2026-05,us
acct_1Tqbkx62LiuzGJEh,4925196,2026-07,us
acct_1Toeu385ldTeXGyf,4925488,2026-07,us
acct_1TohES63nIKG2tMJ,4925896,2026-07,us
acct_1Tonqf8RWUuBeSyu,4927486,2026-07,us
acct_1TorW37mTzGuqcEY,4928226,2026-07,us
acct_1UK0a19bMtMrqh94,5264590,2026-09,us
acct_1ULRYk5i7k5YZzLd,4506154,2026-03,us
acct_1UALtH4ZoKpo8x0M,4512183,2026-03,us
acct_1UC6Pu4gvRvxTRto,4386607,2026-02,us
acct_1TpESF60IVgVl7IK,4931693,2026-07,us
acct_1TpaFw7Cxz4GqaHI,4935746,2026-07,us
acct_1Tqg7G6hvqUBc0JR,4941761,2026-07,us
acct_1TtsTo7sg7EIYCuY,4955015,2026-07,us
acct_1Tr7rJ8ghZKSYfDv,4955462,2026-07,us
acct_1TrMYH7CG1W7ytI5,4958541,2026-07,us
acct_1TrtXt9UdI7IgMYp,4964363,2026-07,us
acct_1Ts3mR7CSeazCufR,4966163,2026-07,us
acct_1TsX7S4P6Fp7rXpk,4967531,2026-07,us
acct_1TsTvK5dxHvAJC2E,4970448,2026-07,us
acct_1TsiXo8F2PIzRSnc,4973079,2026-07,us
acct_1Tt2Re4UA6sdHN6h,4977014,2026-07,us
acct_1Tt7cn5wX88P78wo,4978198,2026-07,us
acct_1TtB8p7FsMJWYJb1,4978993,2026-07,us
acct_1TtGZU8IubBME63S,4979609,2026-07,us
acct_1TuZfU8mEkN0Z2qf,4984766,2026-07,us
acct_1TtwSO8QdV6E6IZB,4987648,2026-07,us
acct_1UHxjV9YKdD77L6o,5243124,2026-09,us
acct_1UHbka6XOMunhvNl,5240211,2026-09,us
acct_1TvYU0GEjMuIzXRw,5005408,2026-07,us
acct_1Twqs5957yVv7cjG,5020413,2026-07,us
acct_1U1XWFGB7QDkcANQ,5038208,2026-07,us
acct_1U1fr25m1ZlBLgpJ,5050627,2026-07,us
acct_1U1GSm4OIdZvFG2T,5057398,2026-08,us
acct_1U03UH9v6veLVado,5057403,2026-08,us
acct_1U03ua7YlQ6ps6cm,5057459,2026-08,us
acct_1U0COb7u0S3I4daR,5058104,2026-08,us
acct_1U0AVe9rNbrfXs53,5058371,2026-08,us
acct_1U0iUD9upzMPBODj,5062812,2026-08,us
acct_1U0pPU7nttw0Iulp,5065785,2026-08,us
acct_1U1G5M8xeP7xdCcu,5070129,2026-08,us
acct_1U1r7E7XtPfMFAH8,5071998,2026-08,us
acct_1U1Qkk7cU2LYd3qF,5072427,2026-08,us
acct_1U1eHu7IFvwOlKU9,5074860,2026-08,us
acct_1U1emTQI5YLX7ypQ,5074960,2026-08,us
acct_1U1mwH7XtdvsP8sy,5076232,2026-08,us
acct_1U1s6B8v0yboCnWb,5077345,2026-08,us
acct_1U1z6792dtZEdOAd,5077814,2026-08,us
acct_1TbwOe5w5w1ojwsR,4722886,2026-05,us
acct_1Ty3Dv9HFhwonJMu,4725671,2026-05,us
acct_1TzlYJ7u54VCD6OZ,4920293,2026-06,us
acct_1ULk8E5DPUz8icbm,5281367,2026-10,us
acct_1U1qRj5yXpHljl6g,4506372,2026-03,us
acct_1Tpq407U6PgemHH9,4938187,2026-07,us
acct_1Tq6K29IXqKroaKt,4940986,2026-07,us
acct_1TqFdf7M4hlc0bT7,4942980,2026-07,us
acct_1TqI3z8gj2KEhCQk,4943482,2026-07,us
acct_1Tqjkb9te6aqKzfC,4950337,2026-07,us
acct_1Tqz2w66Uhk3bIY9,4953931,2026-07,us
acct_1Tr4Vn89BRFv2eh9,4954495,2026-07,us
acct_1TrPcK9PoVau36fP,4958958,2026-07,us
acct_1Trlmk73ohpE7vUR,4963081,2026-07,us
acct_1Ts9vN7ucfCj4XOR,4967056,2026-07,us
acct_1TsbKqG0CwzCAn3N,4971805,2026-07,us
acct_1TskyM73MB9QwwL3,4973381,2026-07,us
acct_1TuaSQ6YqWLkEg8A,4979512,2026-07,us
acct_1TtIoIG2h6hflZgi,4980326,2026-07,us
acct_1UGeyM8eYbRWpXka,5103126,2026-08,us
acct_1TvlSm6EHpwJHTls,5007181,2026-07,us
acct_1Tw6Yc8wttcSBLSA,5012003,2026-07,us
acct_1TwR0Y6IwArj9Isg,5013103,2026-07,us
acct_1TyPwk7sRsmmoZik,5038254,2026-07,us
acct_1UJL5R9jmluH2f8c,5258302,2026-09,us
acct_1TzKxU5EtsjRP3Gh,5050282,2026-07,us
acct_1TzdIi79zYqXKNCB,5053255,2026-08,us
acct_1TzimC8vkGcoeNWo,5054190,2026-08,us
acct_1U0tCE4n3yqx4u2O,5066361,2026-08,us
acct_1U12f97Loe0VQiDC,5068081,2026-08,us
acct_1U1Se24ldGeldCuO,5072825,2026-08,us
acct_1U1Y7F7j3ZAy6FMW,5073852,2026-08,us
acct_1U1ina8Wn0IERaxn,5075324,2026-08,us
acct_1UK95WG7D17xLlYo,5265627,2026-09,us
acct_1UM1IH4wxHl6maj5,5277065,2026-09,us
acct_1ULVJV7ilFdyiCnw,5276663,2026-09,us
acct_1U4ET75wWWlqfV3z,4867548,2026-06,us
acct_1ToaapG7AfXCRyL6,4920695,2026-07,us
acct_1Toqs797pbPlAgir,4925043,2026-07,us
acct_1TojMt5eWG1RNX5o,4925800,2026-07,us
acct_1ULqwY9cwOLmTriF,5282601,2026-10,us
acct_1UKigzGE0NIGhPlL,5270894,2026-09,us
acct_1TvRF469aJPoobE5,4507131,2026-03,us
acct_1U4C3P9rpbXCmkM7,4511551,2026-03,us
acct_1TubJ05kz4Fevje8,4386680,2026-02,us
acct_1UEEoB7DCJmh71d9,4422432,2026-02,us
acct_1TpRfGGDU5VTbxvE,4933898,2026-07,us
acct_1TpV2eGIN1kqFQvN,4934803,2026-07,us
acct_1TrC1M7x3oIsezGZ,4937455,2026-07,us
acct_1Tq4ag9IPOhqIT48,4940734,2026-07,us
acct_1TqmvB85Y8wM3Vkl,4945578,2026-07,us
acct_1Tqp2k9GWhiW13Ms,4947192,2026-07,us
acct_1U1HgC9shNkybSzv,4948733,2026-07,us
acct_1TqlFV68Ks82E07w,4950708,2026-07,us
acct_1Tqy7pGNFnsrSDXh,4952508,2026-07,us
acct_1Tr1ZA6GGzxYiJJF,4954447,2026-07,us
acct_1TrSnEG0yexfYTOW,4959607,2026-07,us
acct_1TzJer5DNuHz34gp,4959968,2026-07,us
acct_1TsQQ04pocjFNjak,4966348,2026-07,us
acct_1TxF8H8gUVofXIyK,4978440,2026-07,us
acct_1TtWGQ4VufIdgbqE,4982980,2026-07,us
acct_1TtgKk5kD4VoXkrR,4984418,2026-07,us
acct_1UMIaf9cbLIgVc5R,5243328,2026-09,us
acct_1UHl1TG9trOZRH83,5242041,2026-09,us
acct_1TyH47QGbHWWKoVO,5036516,2026-07,us
acct_1Tvf7X78eGgVHx4z,5006724,2026-07,us
acct_1Tw8GG52Ec7D5ya9,5012354,2026-07,us
acct_1Tw9RS99O24PhZkk,5012506,2026-07,us
acct_1TwLW294MdCtvyFa,5014773,2026-07,us
acct_1TwnVK61XfR7SCZd,5019942,2026-07,us
acct_1TwsEe8O6Ez3GoMp,5020626,2026-07,us
acct_1TyM808UR4GfkZrn,5037574,2026-07,us
acct_1TyRJk4vgXQjNNeL,5038496,2026-07,us
acct_1UJKgF81TBKVjCNh,5258246,2026-09,us
acct_1U0Nej9Wj5QKoAR0,5050341,2026-07,us
acct_1Tzh1H6XFN49yOTO,5053930,2026-08,us
acct_1U032D8bGEl24ePI,5057322,2026-08,us
acct_1U0DEj7nwbOhG8VV,5058582,2026-08,us
acct_1U13qp9FjSsEGTFf,5059103,2026-08,us
acct_1U0Hzy8CTukG5K0t,5059551,2026-08,us
acct_1U0XiX4jWdG8ZMa8,5062438,2026-08,us
acct_1U0Y9v4SYFiGfcvS,5062526,2026-08,us
acct_1U0ngs9h04DnbNpo,5065480,2026-08,us
acct_1U1D2B9mvTgUeRke,5070137,2026-08,us
acct_1U1InM8qnmS4CBOj,5071061,2026-08,us
acct_1U1Y8k9QzJlNVhZw,5073706,2026-08,us
acct_1U1Xe97KdcaC4oLh,5073759,2026-08,us
acct_1U1o1m8Fv0trHHdc,5076417,2026-08,us
acct_1TuFl4GNiJGhWVpk,645086,2019-08,us
acct_1TziUt9IXRsRKinK,663856,2019-08,us
acct_1Tv85t9GCXfXbF7m,671490,2019-09,us
acct_1U1e4Y6rfAeWqmUt,891232,2020-05,us
acct_1U9t5a7tTOeJHYTF,686787,2019-09,us
acct_1TWh3c9MtEGnBEj3,763894,2019-12,us
acct_1U39wS9bIArYomkJ,773853,2019-12,us
acct_1TWSlO8fKD7lSL2e,798903,2020-01,us
acct_1TyyLY4P02Q3CMCv,790686,2020-01,us
acct_1TzJ3z4V5TqVwus4,878770,2020-04,us
acct_1UDOnn5ASDLfOTVP,901828,2020-05,us
acct_1TzhyY4cY4gQrsKv,910197,2020-06,us
acct_1TyRfF5VMZKdQeiU,771766,2019-12,us
acct_1UJCc08rHsCMxwtc,730490,2019-11,pr
acct_1U21lk4iTsIkpBRu,792470,2020-01,us
acct_1U6JOi8JH6us5M4Y,797563,2020-01,us
acct_1Ttwyg8lcxCAkV9A,933414,2020-06,us
acct_1UHqZ78McZ9uNOtA,5241732,2026-09,us
acct_1Twyfq83O5DUZDys,65426,2017-06,us
acct_1UBl075SOo16YR2H,142519,2017-11,us
acct_1U5W6I7dzWyoeYnh,35941,2017-02,us
acct_1Ttv6H9ChMSf42Ey,42302,2017-03,us
acct_1TuX8T6lWn9myETO,88401,2017-08,us
acct_1TOKmPQJfvlGDJJG,195247,2018-01,us
acct_1UISqk683mbsQWYE,198254,2018-02,us
acct_1U5Gjl8oKVvknYv6,225424,2018-03,gb
acct_1U3MFY8jLejToV3E,33512,2017-02,gb
acct_1Ty1bw83hM3KjybE,31987,2017-01,us
acct_1TOfQd9mJJrFcKf2,241540,2018-04,us
acct_1TVCSH55887hg8lF,63938,2017-06,us
acct_1U3PsB5wde8TC3mQ,99066,2017-08,us
acct_1TVeyJ7zm9GRMfG5,119636,2017-09,us
acct_1U4Hfv5S7sTWKIAN,131016,2017-10,gb
acct_1U3n7S87F3jHZBwf,297248,2018-06,us
acct_1TmEQP4aBiRdH8U7,1485,,
acct_1UHBVF8Jyxm5ba6K,5236833,2026-09,us
acct_1Ty0Wq7xth90gdUo,1823700,2022-06,us
acct_1UHS0e6t3QJ08biv,1828032,2022-06,us
acct_1TtvW2599JyE5pYk,1830941,2022-06,us
acct_1U4BDq7i1uMuQN2l,1850509,2022-06,us
acct_1U5PhD5cYbgr4RCM,1860098,2022-07,gb
acct_1U0pvE6KGn5J7a34,1874973,2022-07,us
acct_1TuEVPGCV7GJ4feE,1914872,2022-08,us
acct_1U3LLm6ubv4tUnnB,1926822,2022-08,gb
acct_1U4M1V86wQZThWZA,1871838,2022-07,gb
acct_1UJeJk5SnmekN9nG,1895242,2022-07,pr
acct_1ULORbGCXt7waDeR,2712405,2024-01,pr
acct_1U1KMe98Bv7BUP6N,2846546,2024-04,us
acct_1ULRuR75LfvlLSCX,2751379,2024-02,pr
acct_1TUCAV8CvR3jweTp,2742340,2024-02,us
acct_1U58S29Ex1PVoSmJ,2815574,2024-03,gb
acct_1UJODxQDvvBTZ148,2603629,2023-11,pr
acct_1U3Ko15K2aRhR97B,2650917,2023-12,gb
acct_1TvKXT6xaKj8hHOI,2813891,2024-03,us
acct_1TtuC192StYqtRHi,2588503,2023-11,us
acct_1UGJkq73UeAAkeru,2610157,2023-11,us
acct_1TzOfc9w6BjmufCU,2717471,2024-01,us
acct_1UFeKD9TFGv0hhSM,2832571,2024-03,us
acct_1UKtIs5J43YO5m5b,2709080,2024-01,pr
acct_1UMwSn9vrIgOcN0z,2829995,2024-03,pr
acct_1TuHAz9uMdlpJ0cC,2668251,2024-01,us
acct_1Trhwr6wCPbGbkI3,2722221,2024-02,us
acct_1TycgB4bfb4je3mF,2763882,2024-02,us
acct_1TvJDz9IGokbbNZ2,3789041,2025-07,us
acct_1UH5Ym8uMTUAgP93,3797710,2025-07,us
acct_1UMJh55duO7jjwW0,3821429,2025-07,us
acct_1TwYxfGLSY4VP4Cy,3825555,2025-07,us
acct_1ULC524iKdfWgCbd,3829566,2025-07,us
acct_1TzbQJGD1veVw2ZM,3835869,2025-07,us
acct_1Tw7Dr5R4Q8O31Ok,3886600,2025-08,us
acct_1TxcVm8WYGsXliVd,3908824,2025-08,us
acct_1UJ7PS4yZP4YK3FI,3871912,2025-08,us
acct_1TtGdM6YyaltU7SI,3884892,2025-08,us
acct_1TyzdM67KciknpIi,3840656,2025-07,us
acct_1U1ttLQHK06NfJ1C,3855119,2025-07,us
acct_1TupNb6uCwqYJG2F,3909080,2025-08,us
acct_1TuCut6BHvhhUL4e,3859279,2025-07,us
acct_1TyjvM6QW4bIVlYw,3889532,2025-08,us
acct_1TukKR99PZCLcpbc,2539465,2023-10,us
acct_1U3OKeG4CZOZtx3S,2471540,2023-08,us
acct_1Ttqy54xyaTxremA,2481041,2023-09,us
acct_1U1FlQG6JZwDAYEL,2548394,2023-10,us
acct_1UKG9J9JOE7I2wkU,2561191,2023-10,pr
acct_1ULEaY8B3fT4XrHW,2571841,2023-11,pr
acct_1TvYro9JoCIfMrdi,2521233,2023-09,us
acct_1TtvXJ6BNUehnzYY,2545425,2023-10,us
acct_1TzmFR6H9FviPzof,2465500,2023-08,us
acct_1TxFhP8Kn9zQVpiI,2489968,2023-09,us
acct_1TWOQY8lEmH1iqQS,2495849,2023-09,us
acct_1TWOGf7egDgFG55L,2539050,2023-10,us
acct_1UGNU264P1LOl00C,2543714,2023-10,us
acct_1Tu0c56JDT9EKC5h,2576192,2023-11,us
acct_1UBCup7mfyOSMfxk,1227917,2021-03,us
acct_1Tvhmq5jhvJ6HIFN,1232922,2021-03,us
acct_1TyXI850e7ji94pk,1072868,2020-10,us
acct_1U5AX0QCBWaiQFHf,1169871,2021-01,gb
acct_1U56on4WKQlBipnk,1204373,2021-02,gb
acct_1Ttt2F6K3IWRbEuB,1002706,2020-08,us
acct_1UA9wUGAzEwgJT8h,1020709,2020-09,us
acct_1TUXoY7scktXJKHx,1107258,2020-11,us
acct_1U54fV6oxZFpQU36,1179734,2021-01,us
acct_1TuNz9760ceOUCRa,1183635,2021-01,us
acct_1U8kpB8WNLEcT3i2,1029565,2020-09,us
acct_1U1ZwS8BdY5DmfFp,1177490,2021-01,us
acct_1UHROV6rG5KpupCh,1020770,2020-09,us
acct_1UMgxc7LeMuP0iU0,5290562,2026-10,us
acct_1UMhebGOKz8Vbzc9,5290763,2026-10,us
acct_1UN0Bk9QhE5g5TSo,5293409,2026-10,us
acct_1UA8Zs7hAaeoEPwg,4666537,2026-04,us
acct_1UI0fV9yJuww7qRI,5244552,2026-09,us
acct_1UN6XD6u1J4hHAiP,5294420,2026-10,us
acct_1UNBnm5XOkPneqm0,5295260,2026-10,us
acct_1U5tXl8bArA51Ci0,5117642,2026-08,us
acct_1U6LlLGFWG8tgfVJ,5117818,2026-08,us
acct_1UHYmPGMNcICYBGq,5239778,2026-09,us
acct_1UDU0C5g2M7nIsWh,5195169,2026-09,us
acct_1U5dmHGOSNByx7DV,5114908,2026-08,us
acct_1U5jtC70VuITwd3t,5115857,2026-08,us
acct_1UDPeo9t1Hihia3b,5194389,2026-09,us
acct_1UDTkX8U0jCSzUQh,5195318,2026-09,us
acct_1U5YlK7mmLJMjXeK,5114103,2026-08,us
acct_1U7jGJ5OBOjN0pYU,5135837,2026-08,us
acct_1UKTXz4q8TZPuXbg,5268507,2026-09,us
acct_1UDMM84wbRyT7Ujz,5193819,2026-09,us
acct_1UDdkP5G0gTzee9D,5197192,2026-09,us
acct_1UDgCm5mHuEQ7ZwK,5197587,2026-09,us
acct_1UMdnC8gzOEkNqXU,5288873,2026-10,us
acct_1U7gxM98xDHC1PYg,5135592,2026-08,us
acct_1UM7rG9POTquKgvL,5285238,2026-10,us
acct_1U5blxGA3WUapowg,5114465,2026-08,us
acct_1U5sII6Rufx418dv,5117298,2026-08,us
acct_1U7l9i9E0W5KHr9Y,5136098,2026-08,us
acct_1U7mKE5HaO22fcaz,5136298,2026-08,us
acct_1UJymx6q1mLKFO8Y,5264351,2026-09,us
acct_1UAcb88DJ2XgEdHT,5116819,2026-08,us
acct_1UKX9W8YXF3lxxns,5269073,2026-09,us
acct_1UDSPC4w3MubOqnM,5195051,2026-09,us
acct_1UMSwL7chMIBceCT,5288545,2026-10,us
acct_1UMMM094e9ohgUBF,5285231,2026-10,us
acct_1U62nY5IGDZkHWDP,5118997,2026-08,us
acct_1UGqox7vSYIP0hM4,5233540,2026-09,us
acct_1U7jaZ75TiEckl3L,5135923,2026-08,us
acct_1ULOPJQEFP1QOvjU,5194404,2026-09,gb
acct_1UEs4V4YcAmTRfVs,5136075,2026-08,us
acct_1UDg5c8JrsAGZ5mr,5194063,2026-09,us
acct_1UDXmK8p2Y2P7faQ,5196049,2026-09,us
acct_1UHAWpGA2GAm1e8y,5236716,2026-09,us
acct_1UHANo6UfxK1NU4K,5236698,2026-09,us
acct_1UHZwv4az5J3Wl8m,5240449,2026-09,us
acct_1UDgEoGGQRHlGNb2,5197590,2026-09,us
acct_1UDoXy5CC4nN20VH,5199544,2026-09,us
acct_1UEUFK5dZ6e5RJIN,5207329,2026-09,us
acct_1UEVy35Mqjwstq0B,5207643,2026-09,us
acct_1UEhOx86rutlnfoW,5209541,2026-09,us
acct_1UIYqX99Ghnkh7uz,5250366,2026-09,us
acct_1TycTo6wx71FGrqg,5041106,2026-07,us
acct_1Tyz889bzgmSy3bA,5041704,2026-07,us
acct_1Tyrai4Mu028q6kZ,5044137,2026-07,us
acct_1UJ2it5rL5VEy7HI,5255379,2026-09,us
acct_1UITtx6D48H6nL7t,5249483,2026-09,us
acct_1UGvUM9f3yqawg8l,5233807,2026-09,us
acct_1TZXlb75Z4BTcBti,4761921,2026-05,us
acct_1U5ArB8LHBvrmvmB,4790507,2026-05,us
acct_1UBvWV8XBbIdLcGX,4799528,2026-05,us
acct_1TzCoe8t65WSaBkm,4825311,2026-06,us
acct_1U562s59gbUpyRTP,4846855,2026-06,gb
acct_1U64fD8uNA5RvfeJ,4487632,2026-03,us
acct_1UKpxw7vCUoxRe4P,5272121,2026-09,us
acct_1U32G68ofIoopVPu,5081610,2026-08,us
acct_1U2biV8A4bAtoQKt,5084563,2026-08,us
acct_1U5xY44Vpc3QQivU,5085261,2026-08,us
acct_1U2uxa7pBZUTIqYM,5087573,2026-08,us
acct_1UDufY6lNF3hL3u9,5096621,2026-08,us
acct_1U48aW4PXdrd0uTh,5100375,2026-08,us
acct_1U72Jd9ciXuma5zr,5100549,2026-08,us
acct_1U56KE6Ra7soJRZh,5106851,2026-08,us
acct_1U4rM76vavEiVSx0,5107445,2026-08,us
acct_1U5LkD7rhKLQyChh,5111856,2026-08,us
acct_1UEArE5e8vvUVx8p,5204058,2026-09,us
acct_1ULZhG4j9Ul5KsOg,5279494,2026-10,us
acct_1UBjFr6dtJui3FfW,5176813,2026-09,us
acct_1UC5Be7kCbGbu76r,5179013,2026-09,us
acct_1UCQGh4wcH6ETx2R,5183750,2026-09,us
acct_1UCliBGLxEE0Mcbv,5186966,2026-09,us
acct_1UCq9Z81AFCUMwZb,5187622,2026-09,us
acct_1UCvukQJ0fAhgYgK,5188752,2026-09,us
acct_1UJIPG8TNTb3g8cJ,5256253,2026-09,us
acct_1UIvww6kwe44hxTX,5254310,2026-09,us
acct_1UIy0D7gbI4gLE0j,5254460,2026-09,us
acct_1Tyi1j7QErKKdPh6,5041944,2026-07,us
acct_1UAgjjG9P9k3Dxp0,4727918,2026-05,us
acct_1Tvj816UaGPylZ9u,4804080,2026-05,us
acct_1UN1Jz6hwCWqvoUx,4824526,2026-06,us
acct_1UGhbu8y2sWMcI5Y,5232084,2026-09,us
acct_1ULVG49rx59g6LKa,5251415,2026-09,us
acct_1U4jssG9WjAk3bSE,5081149,2026-08,us
acct_1U2HAK5FDesHVorR,5081505,2026-08,us
acct_1U3KqH9v5WEB4pYE,5092090,2026-08,us
acct_1U3gGh7zHLMjvFWz,5095632,2026-08,us
acct_1U414h88FvZYbICj,5099063,2026-08,us
acct_1U4vjW8mMkRG96Km,5100887,2026-08,us
acct_1U4JcS97lQ6c3Ttw,5102122,2026-08,us
acct_1U4RWX5lXEDoOdZr,5103527,2026-08,us
acct_1U4XKn6JpCRoR3bx,5104329,2026-08,us
acct_1U4rB7GI9W0Bcxhb,5107399,2026-08,us
acct_1U5Nod8qdFtuTHQf,5112254,2026-08,us
acct_1UDttvGPdZzRMAjY,5200166,2026-09,us
acct_1UEd2w7fD4RbbyEU,5208730,2026-09,us
acct_1ULg8b9Ao7XMLd1e,5271909,2026-09,us
acct_1UBxM18GmiVKJvGf,5179019,2026-09,us
acct_1UC7U074uN8zlfP5,5180713,2026-09,us
acct_1UJDhy5ilAZ0xzr2,5183593,2026-09,pr
acct_1UCpZp7wiLN99Svu,5184038,2026-09,us
acct_1UCjBp5eUS7XLxlX,5184111,2026-09,us
acct_1UDJLd9aCIk2rD3v,5193117,2026-09,us
acct_1TpTdh8T6sgfW07I,4934371,2026-07,jp
acct_1UIw4K9af5QxIV2d,5254319,2026-09,us
acct_1U23vs7EAcBAH8Vl,4762048,2026-05,us
acct_1Txqqk6k7VcRARGz,4826922,2026-06,us
acct_1U2BAi5UBSlWU59Q,4838238,2026-06,us
acct_1TgRgFG0uImmQkOj,4845926,2026-06,us
acct_1UHQFN7DT06jctNT,5239102,2026-09,us
acct_1UIeG78SEA00FUcb,5251248,2026-09,us
acct_1UANS774FDghL4vt,4471324,2026-02,us
acct_1UL5t38Y7P9Cdycu,5274776,2026-09,us
acct_1U2YgV6HmOFkpPBM,5084096,2026-08,us
acct_1U2xMtG9OG7rUHlM,5088115,2026-08,us
acct_1U31um9GDfs9kpnO,5088627,2026-08,us
acct_1U3FH34YRpV51WzH,5090971,2026-08,us
acct_1U3cww6uLDVkuXUr,5094968,2026-08,us
acct_1U3l5jG3jjdhralV,5096415,2026-08,us
acct_1U4DGqGGAqhYSTcQ,5101149,2026-08,us
acct_1U4Gss7KpIJjFGpA,5101717,2026-08,us
acct_1U4H045mmgoLgQqR,5101735,2026-08,us
acct_1U4pid9YOHNLve6H,5107264,2026-08,us
acct_1UCMM59vBoODEIWt,5110999,2026-08,us
acct_1UMYDS8dfjouE1jC,5287044,2026-10,us
acct_1UMHME6FBo9UuEg5,5286567,2026-10,us
acct_1UEB5C8fHc3JaW7l,5201616,2026-09,us
acct_1UE8IM7McI1VEdfy,5203505,2026-09,us
acct_1UEEK89KpwPvOkyl,5204713,2026-09,us
acct_1UEaFM56GgF0tFIA,5208393,2026-09,us
acct_1UEc8H9IpQdnmnmQ,5208707,2026-09,us
acct_1TzUMr8bnS2oJIcF,4892311,2026-06,us
acct_1UBjys5dFe8AWU10,5176923,2026-09,us
acct_1UBpl99HAsK2khl4,5177879,2026-09,us
acct_1UC49I6N0UTQl06c,5180270,2026-09,us
acct_1UC50e9KhuFb3jUG,5180312,2026-09,us
acct_1UCArx9ZnWqour6y,5181214,2026-09,us
acct_1UCC5D70LJNykjOP,5181391,2026-09,us
acct_1UCpGW4WgeXA6hrn,5187485,2026-09,us
acct_1UD4yt5xoJZ4RMhy,5190626,2026-09,us
acct_1UDFpO96irvmr6Or,5192702,2026-09,us
acct_1Tycow4bMuNbLKTW,5040260,2026-07,us
acct_1Tybf74Pz4sppOi9,5040952,2026-07,us
acct_1UHudD7LkNtPOcXZ,5243516,2026-09,us
acct_1U3PiV5kcgmTk43d,4808583,2026-05,us
acct_1Tu5dO8BATF9fLfU,4840883,2026-06,us
acct_1UGmOG60LAdLlG8r,5232896,2026-09,us
acct_1UGmLJ9gcDtluwAY,5232905,2026-09,us
acct_1UHy7BQFxo15y3TQ,5244153,2026-09,us
acct_1UHlS89i9IY3oX5I,5242127,2026-09,us
acct_1U31514N5EhTMPgT,5085927,2026-08,us
acct_1U359x55Kl2jL8Qa,5089317,2026-08,us
acct_1U3oFq6mqCJ4MRAN,5096176,2026-08,us
acct_1U4axP7lPExme6Qt,5104939,2026-08,us
acct_1U4nOz5PEYzMnCYY,5106373,2026-08,us
acct_1U4oL6QGJSzcChme,5107090,2026-08,us
acct_1U5DSe7M2ZnNFgUk,5110715,2026-08,us
acct_1UDhuc6Gl8tQh9p0,5197863,2026-09,us
acct_1UEGSE5HSZj7dV4U,5205133,2026-09,us
acct_1UEH2D7EsnifoxUP,5205216,2026-09,us
acct_1UEN6q5RYy1gUtlk,5206226,2026-09,us
acct_1UC3Kg9L7WLQOb2n,5180164,2026-09,us
acct_1UC4H57ksU44tsCk,5180288,2026-09,us
acct_1UFTzk4ThGVRWA2r,5184257,2026-09,us
acct_1UClXJ4Xtv1h6DaG,5186746,2026-09,us
acct_1UHRAI4ZqyEi3YB8,5186962,2026-09,us
acct_1UDFWp4zmTRDF1qf,5192636,2026-09,us
acct_1UJ8zC6i91iB0xKR,5256375,2026-09,us
acct_1U0P0A6Ze7qZ58E4,5045541,2026-07,us
acct_1UJEvp4tWDP8fGZz,5257400,2026-09,us
acct_1UJCV57Nvaqiw7zL,5256690,2026-09,pr
acct_1TvNtc70hsRCruUB,4736693,2026-05,us
acct_1Tuad54OialG5SfG,4751103,2026-05,us
acct_1TtxNG8mtFZbaevV,4802263,2026-05,us
acct_1ThRee8snIwAHhaR,4856405,2026-06,us
acct_1UIvXJ9PkZm6WWvm,5253790,2026-09,us
acct_1TKEC06CHbtYBHTl,4608282,2026-04,nl
acct_1UH9VI4PTvvgZ7jY,5236212,2026-09,us
acct_1UL2tO7TYWTAAtO5,5274202,2026-09,us
acct_1U2Kok6rSGHLpeAt,5081943,2026-08,us
acct_1U2dkc9jQykyXcU4,5084840,2026-08,us
acct_1U3Oaj825ex8bJCr,5085432,2026-08,us
acct_1U6BMa7uVUGaceNL,5088224,2026-08,us
acct_1U3k4lQJMFH4Jx9w,5096237,2026-08,us
acct_1U3pAF8NsBJ7eEd4,5097040,2026-08,us
acct_1U44sd6DYlrES87Z,5099632,2026-08,us
acct_1U4OiZ76nELQJOcg,5102706,2026-08,us
acct_1U9t6J4rcGLbRpkZ,5104528,2026-08,us
acct_1UKYGC7KlUscRVHs,5107209,2026-08,us
acct_1UK7mt8ELwERxbYr,5107414,2026-08,us
acct_1U50Lz6CN5yZkvJe,5108736,2026-08,us
acct_1U5RiO7YFrapjXex,5112660,2026-08,us
acct_1UEDpv4OiH5ngda1,5204615,2026-09,us
acct_1UEEG69A9bFSBQfY,5204687,2026-09,us
acct_1UEICq6O5Pyu0BaB,5205397,2026-09,us
acct_1UEmWS7y6t561KsN,5208158,2026-09,us
acct_1ULDeUG6bbM4TR3b,5275149,2026-09,us
acct_1Tl5TF7ZlSO802Lf,4890892,2026-06,us
acct_1ULllZ9YxHDRo75r,5281669,2026-10,us
acct_1UBkmE8gaTli7e09,5177038,2026-09,us
acct_1UBpbJ7xG4I6AdfZ,5177843,2026-09,us
acct_1UCagn65IG2uVdnd,5185078,2026-09,us
acct_1UCqWP6BkIvm86qk,5187681,2026-09,us
acct_1UCsLj5MJyDAdd4b,5188244,2026-09,us
acct_1UFhOz9PdSX6ZjUq,5188366,2026-09,us
acct_1TycF94xTuzhCteQ,5041026,2026-07,us
acct_1UJF2U6k09722JsQ,5257421,2026-09,pr
acct_1U8JrC5jzMqxJBpe,4740185,2026-05,us
acct_1TyAcJ5Ov7RXoGS2,4830635,2026-06,us
acct_1UIHS877ITuKVF2w,5247391,2026-09,us
acct_1UHcLV6CjFnkQ5Op,5240774,2026-09,us
acct_1ULQ6M5Tm2onnc3w,4479656,2026-03,us
acct_1TwiNw79WwiuTXF5,4489137,2026-03,us
acct_1U2uy067V3URiwzQ,5087589,2026-08,us
acct_1U34TM6dTvSj9KPC,5089156,2026-08,us
acct_1U3mEb8blPI5YWpw,5096484,2026-08,us
acct_1U4YAq5ft8qx1j8N,5104435,2026-08,us
acct_1U4qei7AbNbznZFY,5107385,2026-08,us
acct_1U5LK87gS9FtwPtm,5111859,2026-08,us
acct_1UEHzj6bTe0lnV5K,5205355,2026-09,us
acct_1UELd5923g5Z6Cu1,5206018,2026-09,us
acct_1UJj6P9HHh6mGSTv,5262075,2026-09,us
acct_1Tuda66rel9RFFuT,4892362,2026-06,us
acct_1TuAiT9EOIXE9NN3,4896652,2026-06,us
acct_1UBmlS5XFESkH9f4,5176641,2026-09,us
acct_1UBqh74TzrAHekWl,5178033,2026-09,us
acct_1UByNG9GDhSMPWRn,5179283,2026-09,us
acct_1UCgHG56j5WWop7T,5185910,2026-09,us
acct_1UCuwA8a4Iz5oTv3,5188740,2026-09,us
acct_1UDAvO4hpNEPFPRG,5191915,2026-09,us
acct_1TybOU85jKoMHw62,5040894,2026-07,us
acct_1Tydto55KhLaNEMX,5041001,2026-07,us
acct_1TydSy9GuhIQXnSC,5041238,2026-07,us
acct_1U2Za36gho5ys2n9,4746584,2026-05,us
acct_1UKMeH9gbI5J9Y4f,4786665,2026-05,us
acct_1UAe0U6mIAWKpT2S,4797057,2026-05,us
acct_1TzR1d5IJfM6EIfy,4840023,2026-06,us
acct_1TuApy856JPPmeZA,4847656,2026-06,us
acct_1UH1Kx7HgEaMwwoH,5235148,2026-09,us
acct_1UIBEv7btyYRvD4m,5246441,2026-09,us
acct_1UHyYc9V3kJQVs9C,5244199,2026-09,us
acct_1UL5xZ7oudZ5KJMA,5274758,2026-09,us
acct_1U2Cvs9f3d1uJ9sr,5080805,2026-08,us
acct_1U2hpc82uyhHpbr1,5085293,2026-08,us
acct_1U300hGMsKHEKjwo,5088357,2026-08,us
acct_1U31bxGMGLoee897,5088795,2026-08,us
acct_1U33Xw5GFqdQjlpA,5089022,2026-08,us
acct_1U3O9Y8mw9Kgk47b,5092606,2026-08,gb
acct_1U3Uh66Ic0jiFYu8,5093630,2026-08,us
acct_1U3ffU5YU7DST2YX,5095523,2026-08,us
acct_1U4Occ8oZgNj40iP,5103045,2026-08,us
acct_1U4WVA907xXK0HvO,5104194,2026-08,us
acct_1U4kx15H6XMZzhTJ,5106427,2026-08,us
acct_1U55Dy8meMc9ORmQ,5109532,2026-08,us
acct_1UGPVP9ZPr8hJz7W,5110767,2026-08,us
acct_1UJ0wa97514VpbJW,5255023,2026-09,us
acct_1ULoWw5y6XrUuS6m,5282209,2026-10,us
acct_1UEMwp4OSZLsJjsv,5198583,2026-09,us
acct_1UEiKOQB9CCm8AtS,5209712,2026-09,us
acct_1ULsLU6B3KYKmAUo,4889789,2026-06,pr
acct_1Ttu7i7U2A71L2nm,4895857,2026-06,us
acct_1UC2b0G0omqophil,5180051,2026-09,us
acct_1UD8UU5p5XN3qp9h,5187264,2026-09,us
acct_1UG4776O0vEt4Xtv,5190457,2026-09,us
acct_1UDB6e8fpDW2hODn,5191935,2026-09,us
acct_1UIwBc5vsHotDcPp,5254305,2026-09,us
acct_1UMvdVQGfFe8jFDj,5233799,2026-09,pr
acct_1U7NJ38ivrGvyP9d,4727805,2026-05,cr
acct_1TxKs66ngq4UUAFl,4833264,2026-06,us
acct_1TuGPg5lOO0DQcp3,4606774,2026-04,us
acct_1UIf298GSGJUnV90,5251341,2026-09,us
acct_1TvVlv4m2kvBRYEK,4474772,2026-03,us
acct_1TubpS5dkAry8TOa,4488672,2026-03,us
acct_1UL7K2671YGQTYMm,4494736,2026-03,us
acct_1TtwvG6e7juDQB6s,4498310,2026-03,us
acct_1UKsmV8kNTQ1J7ts,5272661,2026-09,us
acct_1UKh456K1L7gDteY,5270654,2026-09,us
acct_1U2ee38JBbiZ82TP,5084957,2026-08,us
acct_1U3K5p6h4EKBLnfB,5091761,2026-08,us
acct_1U3iNY8Rnvd03efN,5096030,2026-08,us
acct_1U3lpu9PwydSUlJh,5096467,2026-08,us
acct_1U4AaD54JpzsLdhr,5100662,2026-08,us
acct_1U53oB62hWWv2Y7H,5109275,2026-08,us
acct_1U5LQM69jDYzuHqV,5111904,2026-08,us
acct_1U14xl7kMnr01Imv,1567476,2021-12,us
acct_1TyuLu7mmET46XC9,1594556,2021-12,us
acct_1U3KJT98aFA6yrZB,1686912,2022-02,gb
acct_1TU4FoGIZWmrZD4w,1746122,2022-04,cy
acct_1U570m54C8IGUWGG,1796093,2022-05,gb
acct_1Tw1xR8jpGeQspj7,1677655,2022-02,us
acct_1U92UiQFSWPPyadW,1716400,2022-03,us
acct_1TOkn96wjbPOYkMN,1672779,2022-02,us
acct_1TuEuL7itMnCQdbe,1747257,2022-04,us
acct_1TuBgu5jY1ho048c,1783211,2022-05,us
acct_1UDX3951IYmx3Xfa,1333373,2021-06,us
acct_1U2M2R4jJAqShy56,1425061,2021-08,us
acct_1TrOSZ7xRW9ys2WB,1340423,2021-06,us
acct_1TuHGJ6kYqKNQLle,1362003,2021-06,us
acct_1UBaemQJkK2GSCpz,1368412,2021-07,us
acct_1ULspj7augWxHqu5,1499470,2021-10,pr
acct_1TuZzw4h98CnBdUh,1536127,2021-11,us
acct_1TvK416G6hq2Du7E,1500343,2021-10,us
acct_1TMaEu9uALOIzRNR,1344305,2021-06,us
acct_1U8Nz95JRZhtEVid,1419192,2021-08,us
acct_1U2ZBJ6UWL8zbZNb,1444027,2021-09,us
acct_1ULB8X8yPmNmM4yq,5275482,2026-09,us
acct_1ULB457LdlIunjXF,5275486,2026-09,us
acct_1ULZXc58PCk9VSQ6,5279668,2026-10,us
acct_1ULzgG6Ava9YtnNZ,5283838,2026-10,us
acct_1UM0467BE0FcKMPV,5283905,2026-10,us
acct_1TtzXp9lBG6J09kg,4888110,2026-06,us
acct_1UKU5H6e5cuaL8LH,4234080,2025-12,us
acct_1UCjCO973tfkSJKI,4330750,2026-01,us
acct_1TtqzU6uCQE8Zczc,4196777,2025-12,us
acct_1UJDHDQIvjQTArH0,4210806,2025-12,pr
acct_1U1nzu59M019U7oj,4218095,2025-12,us
acct_1TtuI29GXG4uasVW,4222291,2025-12,us
acct_1TxiVqG1jAb1BVtH,4364129,2026-01,us
acct_1UEvNg4vFfk6H62N,4309768,2026-01,us
acct_1UIxJM7q8IHaeRxP,4186702,2025-11,us
acct_1UJiSs8OftW8h8Pq,4205928,2025-12,pr
acct_1U6f9a563gyxrm3F,4206756,2025-12,us
acct_1UBiWv7kKUvlOCf8,4211398,2025-12,us
acct_1UBjvW5oHlXBWXp2,4305900,2026-01,us
acct_1TuGVL8UDgsjb79s,4355572,2026-01,us
acct_1TwN5r4dy3E1BYrF,4211956,2025-12,us
acct_1TuDj64UaGISxU8Q,4888157,2026-06,us
acct_1Ttvu06YG87zENIF,4226605,2025-12,us
acct_1U7Z8Q4zu7jz4qRi,4304205,2026-01,us
acct_1Tw5tf9mCO1XQ5yo,4189408,2025-11,us
acct_1UD2nQ7W6DgNeh5X,4190009,2025-11,us
acct_1Tu0CL50A4jUCSpt,4241461,2025-12,us
acct_1TtwgqG9cKTLUhQ7,4277102,2026-01,us
acct_1U9ptO68g4GM022E,4238533,2025-12,us
acct_1TuiQZ876Ees2gTO,4238630,2025-12,us
acct_1U7hOK915o3lMqKc,4301449,2026-01,us
acct_1Twtrw7RNZ2x2tqz,4306776,2026-01,us
acct_1TmGgS6CsfN5X0yf,4369049,2026-01,us
acct_1UIPLc8xm2JEPDAJ,5248753,2026-09,us
acct_1UInQt8ihAWGVnG0,5252720,2026-09,us
acct_1ULhDb5RFHShUCLb,5267076,2026-09,us
acct_1TJx4sGMqxc9xNuL,1514,,
acct_1TQULt6xwpLAhMKy,493257,2019-02,us
acct_1Tuh269U9xMmyLsp,509608,2019-03,us
acct_1Txmhe85O4mEmN6i,402598,2018-10,us
acct_1U7IK86YjWRkPsDs,540884,2019-04,us
acct_1U0SbX8k7MOMpJ4d,489524,2019-02,us
acct_1UBzxT5uCO4h1MXL,502348,2019-02,us
acct_1Ttzul5KTCvsW6L3,617829,2019-07,us
acct_1TPUcV4fYPGfyBnP,545931,2019-04,us
acct_1ULV388K0hpu9pjJ,390002,2018-10,us
acct_1UL1Ur6vo5bNtQio,5255038,2026-09,us
acct_1UKVgk6u1Cat7J2N,5255064,2026-09,us
acct_1TxTDZ7Nb4umvEVs,2902366,2024-05,us
acct_1TwUtM4kBppJFo2p,2998939,2024-07,us
acct_1U74He7bR9LUZowY,3036718,2024-07,us
acct_1TU6L071Xw3OdAjG,2857330,2024-04,us
acct_1U4e7176pZevEX6j,2857718,2024-04,us
acct_1Tbyhg8qf4PweWrq,2917364,2024-05,us
acct_1U20WyGNSzhxmICP,2945996,2024-06,us
acct_1TtuAL7C646Nqh7e,2958169,2024-06,us
acct_1TttgD4bYumanndj,3001019,2024-07,us
acct_1U5BlX9oRGTNtU6k,2898057,2024-05,us
acct_1U7ltw6yXqbhf0ty,2903905,2024-05,us
acct_1TyKaF8hsBbqiL2x,2967535,2024-06,us
acct_1TusiI77BKoEA7Mo,3063425,2024-08,us
acct_1Ttwml7Uqora9JAi,2896103,2024-05,us
acct_1TVb549vz92bE8nX,3025451,2024-07,us
acct_1TtuoI7oXMe4RLzo,3114676,2024-09,us
acct_1TwFSB7Btoq1LUZD,2923198,2024-05,us
acct_1U2MwV8C8EOnPhhU,3122456,2024-09,us
acct_1ULvz57yAQOrILjl,2972030,2024-06,us
acct_1TVeZjG1JfOXkKoN,3057453,2024-08,us
acct_1Tz0A67k2SHxE5wX,2872561,2024-04,us
acct_1TxC4o5avGOlaB7P,2894143,2024-05,us
acct_1UGnFW7Dmc5Xe6Lu,2994977,2024-06,us
acct_1TyzqdGBnikqG6TH,2916113,2024-05,us
acct_1UJJ9691GE0innMb,2986046,2024-06,pr
acct_1UBCdj66K4CssJhi,3065713,2024-08,us
acct_1TyyMY98r5944q2W,3067970,2024-08,us
acct_1UIos59HjavTRjkA,5252972,2026-09,us
acct_1TTHR95aEjaVuEXs,3244672,2024-11,us
acct_1Twgez7TR08Q8A25,3249187,2024-11,us
acct_1UDkQw5UUb9fXlBw,3250921,2024-11,us
acct_1TLnCc7HEHpEovei,3259931,2024-11,us
acct_1U2Lkt8i8gkxkO95,3289369,2024-11,us
acct_1TU7597Uvfh39oAn,3299846,2024-11,us
acct_1UKK5yGGH4drSQNm,3370886,2025-01,us
acct_1TvKdoGCI3aW0P2V,3377267,2025-01,us
acct_1U01MK4gJYQo08a6,3412020,2025-01,us
acct_1U41s951aPtqlwev,3448599,2025-02,us
acct_1U4NBD6xrVvfynTx,3465628,2025-02,gb
acct_1U4WBP4ah76Q8VZI,3443779,2025-02,us
acct_1U49B55oE0hif8XD,3479086,2025-02,us
acct_1UDgt99XxeB8Ab2e,3337831,2024-12,us
acct_1U58dUGJQeyiYYWT,3415085,2025-01,gb
acct_1UGWq86yTlnUcspc,3344853,2024-12,us
acct_1Tu1ZXGE4bWGROPP,3429771,2025-02,us
acct_1UFa6g7TKWtNLuam,3505619,2025-03,us
acct_1UBk4L6BwgpNvP0s,3454766,2025-02,us
acct_1U5MfS8wRMV4wKeE,3465067,2025-02,gb
acct_1TuKlu6ssl8p4KLU,3470335,2025-02,us
acct_1U9TAR4qfJZZfKex,3489690,2025-03,us
acct_1U36yZ7h3RTOpKu8,3376707,2025-01,us
acct_1U4P4l86xZMRaC2Z,3402788,2025-01,us
acct_1TtuIG9KE9SKFfJE,3482940,2025-02,us
acct_1TuAPX5KhelQEQot,1951760,2022-09,us
acct_1TyzyZ7SPuLm6Gfo,1955498,2022-09,us
acct_1Tttu7778wdFAj7f,1998260,2022-10,us
acct_1U7g1M9ZYSNscMWb,2096687,2022-12,us
acct_1UBSbD99ALUGY3qD,2133988,2023-01,us
acct_1U56dYGJKXClkIj6,2144606,2023-01,gb
acct_1U5BwF6Uj3K7YC6s,1952784,2022-09,gb
acct_1U43wl5hKlq0g8xX,2030835,2022-11,us
acct_1TvIa06iSe3SWC7b,2178637,2023-02,us
acct_1TxlrQ8YMzgujAbT,2179316,2023-02,us
acct_1TRFeb9wPwYcl6uz,1972245,2022-09,us
acct_1UJDrz4Znd7uRmzj,2173595,2023-02,pr
acct_1U2j3ZGG9H7vamtE,2009363,2022-10,us
acct_1TuEy87LTrEAiigV,2015818,2022-10,us
acct_1UMXGUQABMhZyW7T,2046539,2022-11,us
acct_1U9tFN5YKdVuC5hA,2071525,2022-12,us
acct_1Tu0ue6ANQtXkWIf,2010567,2022-10,us
acct_1Tud3f8vgzvi6zf7,2074975,2022-12,us
acct_1Ttutg8hdJWK1m8s,2078746,2022-12,us
acct_1Ttqer6AHjO4dC5x,1999361,2022-10,us
acct_1UJHEW8e4pXn9St4,2108064,2023-01,pr
acct_1Tz1Y08o2OgrUsVA,5046310,2026-07,us
acct_1TzF919JeKIL1UHY,5046612,2026-07,us
acct_1U9q7q56Z4lnfGUn,5046764,2026-07,us
acct_1Tz0Yo8NLeGh9v2U,5046226,2026-07,us
acct_1Tz7IF9AfV84prwO,5047470,2026-07,us
acct_1Tz8Wc6ZEUpIMc4W,5047835,2026-07,us
acct_1Tyyze55UrYDy3Kg,5045954,2026-07,us
acct_1Tz7J66Ted3miDgz,5047325,2026-07,us
acct_1TuP9e6oeUnBmr7X,4584423,2026-04,us
acct_1U5PP46vBkElo9nV,4582723,2026-04,gb
acct_1UML3E5wM0K7AyZf,4576636,2026-03,us
acct_1ULOUd4wdLI2hQwv,4879875,2026-06,pr
acct_1TuCkn4WUxubcpCM,4875162,2026-06,us
acct_1Tyz966doYH5hH4y,4880320,2026-06,us
acct_1TvflK87Zt33mtIt,4590479,2026-04,us
acct_1UJgH786ZlyJkDek,4879908,2026-06,us
acct_1UB2xS7Os9MhlF64,5169513,2026-09,us
acct_1UAjqu7EfRpakcXd,5155521,2026-08,us
acct_1U9ucp9Qvqm2368S,5158528,2026-08,us
acct_1UAF5e5NWLJgp0Y6,5161416,2026-08,us
acct_1UAPa37AxiUHsvg5,5162784,2026-08,us
acct_1UCIwG8axoIMjQIq,5163326,2026-08,us
acct_1UAeeC7wZFqQjBeS,5165305,2026-08,us
acct_1UBHxo69d5AVYQ18,5172234,2026-09,us
acct_1U9wxq5XvZjIwfuv,5158717,2026-08,us
acct_1UBxcc8IexOdmNB7,5161442,2026-08,us
acct_1UAJzP4pMforRFSC,5161981,2026-08,us
acct_1UAhKzG0zZHDt4dl,5165772,2026-09,us
acct_1UAmAn73ZsyhjIm1,5166634,2026-09,us
acct_1UB07Y4TmHHDmW2P,5168834,2026-09,us
acct_1UBNdj9CcGVCSKsJ,5173198,2026-09,us
acct_1UDACx9Ri1utbDUy,5174156,2026-09,us
acct_1U9zxDG827M4pjqe,5159232,2026-08,us
acct_1UA6gY9EFiBuV7ac,5160162,2026-08,us
acct_1UAgze6EcbWbvHYH,5165715,2026-09,us
acct_1UAvKF7Boiscs21f,5168252,2026-09,us
acct_1UB19ZGBn27q535l,5169199,2026-09,us
acct_1UBJPM9ICkpppdQc,5172255,2026-09,us
acct_1UBNfv9ZqiSiJoAF,5173192,2026-09,us
acct_1U9tJ87kFaK6RdK4,5155462,2026-08,us
acct_1U9lOU8zFqFXhZfM,5157108,2026-08,us
acct_1UACNf5Xib8XFleT,5158388,2026-08,us
acct_1UAOI24t6IXJ3Vls,5162647,2026-08,us
acct_1UAubK7vWjskiFvF,5168117,2026-09,us
acct_1UAvVz4tXeLoMSnp,5168270,2026-09,us
acct_1UBAFO9pIHxjiB7p,5170838,2026-09,us
acct_1UBDd44i6utkHSPt,5171436,2026-09,us
acct_1UBFOF4uVfovNrFM,5171682,2026-09,us
acct_1UBHdE5C2aEqUCRg,5172196,2026-09,us
acct_1UBIhw8ReD49kGyY,5172417,2026-09,us
acct_1UKSoB8aGwG6bvW2,5173194,2026-09,us
acct_1UBlt079rwrIkedc,5173343,2026-09,us
acct_1UDNpX9TaVAS3Ftj,5175317,2026-09,us
acct_1UB7d9654EbUAysc,5155510,2026-08,us
acct_1UACde6iyeOqVUGz,5159145,2026-08,us
acct_1UAD4K4z2hCWeC2s,5161086,2026-08,us
acct_1UAEq56hVrPlqDS6,5161391,2026-08,us
acct_1UArdX9C1L566PGP,5161839,2026-08,us
acct_1UCio68rCAFu94mU,5161978,2026-08,us
acct_1UAxN57lh4fMHsgl,5168586,2026-09,us
acct_1UE1pC7BG4Ml2fp4,5170233,2026-09,us
acct_1UBHid8VDfVCj3fu,5172252,2026-09,us
acct_1UBMeG4OGI6fOGlu,5173055,2026-09,us
acct_1U9iRj4g1VRVAmLr,5156671,2026-08,us
acct_1U9qDu7HFiiz311S,5157779,2026-08,us
acct_1U9uBn5gKDKtu9dI,5158428,2026-08,us
acct_1UAtkH96cD1HhFBC,5162258,2026-08,us
acct_1UAcjC94odlENK5d,5165113,2026-08,us
acct_1UAlEN8l3uiGDgWV,5166468,2026-09,us
acct_1UB06F62HWVm57t1,5169032,2026-09,us
acct_1UCMJN9G5Gh3rxuB,5172860,2026-09,us
acct_1U9gbF9UK51Tp9HB,5156414,2026-08,us
acct_1U9p3X4dy9unpEJF,5157504,2026-08,us
acct_1U9yVN8OhNXAjdpo,5158920,2026-08,us
acct_1U9zXLG0GIjD5nPj,5159154,2026-08,us
acct_1UAjlc8rwqUnLGjY,5166217,2026-09,us
acct_1UB0iy87YGy8cehk,5169119,2026-09,us
acct_1UB0yT807XUMEAXq,5169164,2026-09,us
acct_1UEJH797PBfFGvGB,5170642,2026-09,us
acct_1UBJmP7yoCEAT9Im,5172604,2026-09,us
acct_1UBQqi7KQ8a5AN9s,5173729,2026-09,us
acct_1UBRvw9JFkO2OqeO,5173918,2026-09,us
acct_1UMWpe82lZo4TqBA,5289291,2026-10,us
acct_1U7zyM6n3I7WpBJb,5138512,2026-08,us
acct_1U85Qm9n0Q2nguMH,5139585,2026-08,us
acct_1U874b4iRgTHu3lZ,5139796,2026-08,us
acct_1U8sauG1xpszgIvt,5147765,2026-08,us
acct_1U9FWg94rSO8tfUH,5152234,2026-08,us
acct_1UFEfV8kze2nnXtD,5214330,2026-09,us
acct_1UFcDN4ydNMMDtyk,5215849,2026-09,us
acct_1UFPO68UMBJKT5UE,5216177,2026-09,us
acct_1UGO0E8bfPYKCwKs,5228652,2026-09,us
acct_1U8NI99FIKbJnind,5123008,2026-08,us
acct_1U6y9K5SodWykjec,5124591,2026-08,us
acct_1U6ZZZ7jc1dKyPWc,5124603,2026-08,us
acct_1U7HM26G0DFMwbOl,5131921,2026-08,us
acct_1U7PB08dFD7pMEZq,5132900,2026-08,us
acct_1UAy447JNOnhaC0p,5133020,2026-08,us
acct_1U7fno6kU9zEn1II,5135428,2026-08,us
acct_1U172k96QJpaCo0y,4596556,2026-04,us
acct_1TxTrXQJ2eNDQwHH,4596754,2026-04,us
acct_1UAxDQ5H6LbtIMy5,4617020,2026-04,us
acct_1UJgQd7JDbNM7VnJ,4622187,2026-04,us
acct_1UJE8o8m76Cdi9l6,5257206,2026-09,us
acct_1UJaZd4iWx7x1lr3,5260710,2026-09,us
acct_1Tu4Ln4t2IjBTo5G,4988970,2026-07,us
acct_1TwaESG8pYLii6EL,5000529,2026-07,us
acct_1TwxkI9H8FzUPPLE,5021286,2026-07,us
acct_1Tx8cb6R39TaQ4nP,5023459,2026-07,us
acct_1TxYA06vp2xBQm7Z,5024048,2026-07,us
acct_1TzlMt4tJMWxlMmp,5024424,2026-07,us
acct_1TxGpC7l8BZiXh4L,5024622,2026-07,us
acct_1TxzTK6geww8geIX,5032537,2026-07,us
acct_1UMDrp6NadoDztBs,5274375,2026-09,us
acct_1UKg0L7xH1ACOOVJ,5270584,2026-09,us
acct_1U89Np9wBZM91iLc,5140222,2026-08,us
acct_1UAHY2GIDnr9ufLY,5140542,2026-08,us
acct_1U8VYp5kJHdqPeRT,5144086,2026-08,us
acct_1U8b875P55czQNjA,5145084,2026-08,us
acct_1U9BZ854wWZX0Iiw,5151678,2026-08,us
acct_1UFae48ybxSmt0XB,5215047,2026-09,us
acct_1UFMVBQEyQHcBDZZ,5215753,2026-09,us
acct_1UFNao6vxxFYs04d,5215959,2026-09,us
acct_1UFfdaGE5JWaugWb,5219064,2026-09,us
acct_1UFl8YGLDMiYDDDe,5219933,2026-09,us
acct_1UG0Mf8JNFuRgdz2,5223484,2026-09,us
acct_1U63rv74Jx9npPUq,5119239,2026-08,us
acct_1UFTzW95ShmWqmFn,5122371,2026-08,us
acct_1U6ey35OXLQpNJWb,5125464,2026-08,us
acct_1U710fGEzEK9G7wW,5129275,2026-08,us
acct_1U7PsGGN1rMXqr9s,5133002,2026-08,us
acct_1Tu1D17dOH7sO0Jn,4633377,2026-04,us
acct_1Tu1sj4uJaoRzlyk,4637090,2026-04,us
acct_1TuIbR5EO8ll28BT,4527996,2026-03,us
acct_1UCzIW5OUqZvn5hp,4707207,2026-05,us
acct_1TvLWR60keEz7lj8,5003019,2026-07,us
acct_1Tw1Jn6owb8KK10h,5003661,2026-07,us
acct_1TxPZL87sTyL73Gk,5026056,2026-07,us
acct_1TxYgU78n5Y8ASUd,5027683,2026-07,us
acct_1TxYxq8IIFoGavJn,5027715,2026-07,us
acct_1TzWFu4Usx4cMzDZ,5027744,2026-07,us
acct_1TxzYx4iEhqSzfVI,5031816,2026-07,us
acct_1UMoMD7wpyzNHpuc,5291689,2026-10,us
acct_1UK6Qs6Dlpj2q3oW,5265294,2026-09,us
acct_1UKkpC7Tdf07VgF3,5271395,2026-09,us
acct_1U7yRWG7cv0Jdz8D,5138205,2026-08,us
acct_1U8wiW9GKpGPVbSn,5149024,2026-08,us
acct_1U8xM46biwTWpzu6,5149027,2026-08,us
acct_1U9A0Z767q3xZrfp,5151465,2026-08,us
acct_1U9QN35GOFfLEY9C,5154028,2026-08,us
acct_1U9WUs4oKhHRYb9R,5155051,2026-08,us
acct_1UEmzO9fKc8XfnKn,5210446,2026-09,us
acct_1UEwp17hTPFEAi5l,5211867,2026-09,us
acct_1UFzEX9mOWQS5YXx,5212269,2026-09,us
acct_1UFd728Br0aPeWYo,5218584,2026-09,us
acct_1UGAYg651tmJLV1T,5225610,2026-09,us
acct_1UKLPG80WkKpBShS,5228700,2026-09,us
acct_1U80Aq4kxrLb9l5E,5126033,2026-08,us
acct_1U7HO89tpYwLCWhA,5131938,2026-08,us
acct_1U8kgT634oAAQNZi,5132394,2026-08,us
acct_1U0UwK9HjhI155b0,4614275,2026-04,us
acct_1Ttucf545J4S3zma,4555742,2026-03,us
acct_1UJ3Nu5xrznbuME0,5255499,2026-09,us
acct_1TuMFgQFVYriT72R,4992162,2026-07,us
acct_1TvIXX8Zw4bTnrA8,5002532,2026-07,us
acct_1TwTmKQIRNPPhKq7,5004434,2026-07,us
acct_1TxDDy5T8BKvxVTy,5024142,2026-07,us
acct_1TxYvo9VbQVUlIKr,5027783,2026-07,us
acct_1Txw9z6mmL7CMdxm,5027957,2026-07,us
acct_1UJyah6ECGYgWj8A,5257756,2026-09,pr
acct_1UMo8t5fLc5Qa9M5,5291622,2026-10,us
acct_1UMLCC7lRD3GGU7f,5287343,2026-10,us
acct_1ULDIA78JAXSkwQU,5275834,2026-09,us
acct_1UMUv480JPDUR0FA,5288931,2026-10,us
acct_1U871X4P2OCh0tZE,5139819,2026-08,us
acct_1U9eo1664hJIqI1G,5144361,2026-08,us
acct_1U8Zsb8VVeAseq15,5144458,2026-08,us
acct_1U94Tn8cuY03SSzb,5147355,2026-08,us
acct_1U9Gr98y0K9y3ZPC,5150895,2026-08,us
acct_1U9QNA6GhlPnh5aA,5154044,2026-08,us
acct_1UF2fR4dWlnOznED,5212849,2026-09,us
acct_1UFH8eGKCx57OD8a,5215144,2026-09,us
acct_1UFii96CWjdb58CF,5215594,2026-09,us
acct_1UFRKZ5Kh0P7Rji6,5216445,2026-09,us
acct_1UFU1O57zpfVfyVD,5216988,2026-09,us
acct_1UFZF97GtorCHtrm,5217809,2026-09,us
acct_1UI97v6hS7XHbDFl,5219535,2026-09,us
acct_1UFiwP8CpGqrcOVC,5219542,2026-09,us
acct_1UGCEh7xDh13YY6C,5226481,2026-09,us
acct_1U6eCV5PD3a6Kr8a,5125354,2026-08,us
acct_1U7SgXGHrped7Puj,5133337,2026-08,us
acct_1U7dB48Lf9gMb3sm,5134802,2026-08,us
acct_1U0F2h6qi04n8ngv,4614760,2026-04,us
acct_1TWfXB9YsTPeMVh3,4532390,2026-03,us
acct_1TvQaP9tnIc260NE,4703176,2026-05,us
acct_1Tu5ss4QUXKDIqBk,4989252,2026-07,us
acct_1TwtFi55iFJx8eAH,4990513,2026-07,us
acct_1TuIiD9JJqB336Rh,4991467,2026-07,us
acct_1Tv4S7971G9dfPAe,4999932,2026-07,us
acct_1TvPQz7CdDL1JiRb,5003883,2026-07,us
acct_1TvSW38JktN0nIVZ,5004236,2026-07,us
acct_1TxD9T67f9MMGb4h,5023899,2026-07,us
acct_1TxDZH4U03unDtGv,5024192,2026-07,us
acct_1TxmheGGdPH88tBR,5030002,2026-07,us
acct_1TxvC49TmyI8brr2,5031581,2026-07,us
acct_1Ty3b55ta6jJxWHC,5033320,2026-07,us
acct_1UKUnp5ElZCPs34b,5268648,2026-09,us
acct_1U81MO4iV2yzmakm,5138880,2026-08,us
acct_1U8mDe9yG1j2Q7Eb,5147202,2026-08,us
acct_1U97G3QBkwI6khCu,5150922,2026-08,us
acct_1U98gE9S6W7Qaa7g,5151289,2026-08,us
acct_1U9Kr98982U6C4kE,5153147,2026-08,us
acct_1UEnMT7uxLWlLjcm,5210509,2026-09,us
acct_1UEwwm59Esu9Qvrz,5212103,2026-09,us
acct_1UFF4U8VsuIkTae3,5214757,2026-09,us
acct_1UFnuy7AcAAlbStz,5220393,2026-09,us
acct_1UG25N965XBuel17,5224082,2026-09,us
acct_1UGWxfGPGALfxfu1,5230156,2026-09,us
acct_1U6SOp9zJo9lpGqq,5123207,2026-08,us
acct_1U6hO29V7l8kg6bx,5125735,2026-08,us
acct_1UBSIP6YltI2w0x3,5130031,2026-08,us
acct_1UMFiTG1fJrW8wA9,4610862,2026-04,pr
acct_1U9bAK84wKG8giCp,4611930,2026-04,us
acct_1U57Yl6FxHlpvOHS,4535921,2026-03,gb
acct_1Tw6rR6FvaSdPSoO,4540122,2026-03,us
acct_1UJqih8GjOqtdxPx,5263158,2026-09,us
acct_1UJong6csafsOEGT,5262953,2026-09,us
acct_1TuLCOG4JwJcYfZ1,4990509,2026-07,us
acct_1TuPKD6ieOn7SeNI,4992630,2026-07,us
acct_1TvhRT7reDPEv2xf,4995485,2026-07,us
acct_1Tx7aA5Ajt0ZqMnN,5022918,2026-07,us
acct_1Tx6me7pI89fIZqN,5023063,2026-07,us
acct_1Tybpe4U2T5Lpg0B,5025729,2026-07,us
acct_1TxvBb8gokeJYGhM,5027503,2026-07,us
acct_1UMnjz5gwJGtYf7s,5291595,2026-10,us
acct_1ULEOe7nOFg84NPi,5276040,2026-09,us
acct_1UKRM97J1ivGX2Ez,5268215,2026-09,us
acct_1UMAYn4wp66Ut6Fc,5139656,2026-08,us
acct_1U8NwB7gJuBHtumd,5142808,2026-08,us
acct_1U8QbY4xj6M5IHGu,5143393,2026-08,us
acct_1UCXfi82Q7MIyjM0,5144250,2026-08,us
acct_1U8h3q6X8HWO0Oqd,5146088,2026-08,us
acct_1U8teX4z2najFfUB,5148332,2026-08,us
acct_1U9Eox4q13a9rSfj,5152107,2026-08,us
acct_1UFJq75el4WwfbKR,5215514,2026-09,us
acct_1UFRNL4pIhiUQHpe,5215526,2026-09,us
acct_1UFbPh6NSvKn31r8,5218213,2026-09,us
acct_1UFhdO5ys2OCQLuh,5219477,2026-09,us
acct_1UFliz5bnEQ0zLTQ,5219878,2026-09,us
acct_1ULDXeQIOCf95OZf,5229070,2026-09,us
acct_1UGURe9KsBaaKCyf,5229672,2026-09,us
acct_1UH8Wq8DovFa3ZGl,5230071,2026-09,us
acct_1U6Sar7UdqeMiNfC,5123240,2026-08,us
acct_1U6eqIGHZDJpe56w,5125392,2026-08,us
acct_1U7nVN8WY4XMmadv,5128550,2026-08,us
acct_1U7laZ4ZJ5o13WDg,5135367,2026-08,us
acct_1UFaxD7q3vzGgDJG,4603267,2026-04,us
acct_1UMlzNG1ssxHC7Ft,5252629,2026-09,us
acct_1UFxrP5Ychk62ztO,4541382,2026-03,us
acct_1U56PG9kgL4bcWOc,4680430,2026-04,gb
acct_1UMulD5NsNPJBToQ,4692295,2026-05,us
acct_1TuJKM6TrC10CFVi,4990973,2026-07,us
acct_1Tw7gd6yr2j2fHld,4991382,2026-07,us
acct_1Tup4P6Ch569JIRo,4997330,2026-07,us
acct_1Tx8dt9JzTIifGyq,5023427,2026-07,us
acct_1TxBt3GPqkChKYMf,5023911,2026-07,us
acct_1Txxda8xgQSSoIiN,5031632,2026-07,us
acct_1UMbfw7ixWcxctLa,5289931,2026-10,us
acct_1ULCpH756UrTp5ec,5275697,2026-09,us
acct_1ULlT45NgWFvjg1f,5274261,2026-09,us
acct_1UKi8z788Ga2FPcD,5270458,2026-09,us
acct_1UJVQG763j9WcDoL,5259912,2026-09,us
acct_1U85l49aEqKaEMTG,5139631,2026-08,us
acct_1U8T505ZDqCYfPPs,5140294,2026-08,us
acct_1U8Lmg4fhnyL02zO,5142517,2026-08,us
acct_1U8gmd5HaLLQQhnQ,5145685,2026-08,us
acct_1UArpQGCXAiVNvx3,5145950,2026-08,us
acct_1U8gqX56W1m7wVav,5146020,2026-08,us
acct_1UExOh7ryhLBrNa9,5212204,2026-09,us
acct_1UFFj39RLMRuyKh4,5214889,2026-09,us
acct_1UFIg97J2gBvritr,5215394,2026-09,us
acct_1UFex197HgisNKBW,5218970,2026-09,us
acct_1UG0iv4QLzSWU04O,5223642,2026-09,us
acct_1UG46Y9r4DZ7Jrfn,5224755,2026-09,us
acct_1UGSBw9J8p5qfmGZ,5229293,2026-09,us
acct_1UGYP18jgnL3tyab,5230425,2026-09,us
acct_1U760k79cXxIYVva,5126805,2026-08,us
acct_1U7eRP5kGKw2vroN,5128520,2026-08,us
acct_1U7ZHQ9jHgbRRXZt,5133743,2026-08,us
acct_1Tz38v4pD48F8Szb,4536493,2026-03,us
acct_1UJS3C7MMCPCdhDR,5259360,2026-09,us
acct_1TxW1P7bjAzoCJoo,4694162,2026-05,us
acct_1U42So4lFjROboIJ,4711159,2026-05,us
acct_1Tu68Y4kbyluYgpy,4989274,2026-07,us
acct_1TuyyRGEnEq8OubY,4996535,2026-07,us
acct_1Tv08j6kvYleF56J,4999463,2026-07,us
acct_1TvJFH7oyjqzipzI,5002660,2026-07,us
acct_1TxfDm5q3btV2CH8,5024692,2026-07,us
acct_1TxJHq93ssVGFPcv,5025116,2026-07,us
acct_1U82SB5FG00T0sQw,5138970,2026-08,us
acct_1U830H9hYdDFCHmu,5139227,2026-08,us
acct_1UBMoq4gdPPIGvV8,5147696,2026-08,us
acct_1UFhTS79fLC9iAQe,5219465,2026-09,us
acct_1UG4Ke9VIznJHdQO,5224650,2026-09,us
acct_1UG6jd8E1BPBb8VE,5225192,2026-09,us
acct_1UGAt87cwdObkuaI,5226187,2026-09,us
acct_1UGR4v8wK7k1UZMa,5229084,2026-09,us
acct_1UGWdO8tNojK3Wu6,5230070,2026-09,us
acct_1U6Ful5yxwZIjBth,5121301,2026-08,us
acct_1U7iAC5UxfckyQyt,5126884,2026-08,us
acct_1U6tnM8s3brLlrZZ,5127900,2026-08,us
acct_1U7BWg8g8BFgZTHQ,5130962,2026-08,us
acct_1UIiZv7o5K88j9dh,5252011,2026-09,us
acct_1Tttst6asjbcpOww,4616901,2026-04,us
acct_1TwjfY4VzRh5gt8F,4687723,2026-05,us
acct_1UJ41d5gOSQQmLAJ,5255586,2026-09,us
acct_1UJO2V4kIN4yB5Qf,5254730,2026-09,us
acct_1TuBJa9v8AFkcRnO,4990174,2026-07,us
acct_1TuIcs5BgTv7N1HU,4991612,2026-07,us
acct_1TuIpz7pWAXgiTXW,4991670,2026-07,us
acct_1TuJOv4Q4CC777Ay,4991749,2026-07,us
acct_1TugxU9uvGwbnjvL,4995610,2026-07,us
acct_1Ty1n47BxqbHYv0U,4996809,2026-07,us
acct_1Tv1qIG4D474pQJr,4997149,2026-07,us
acct_1TusiV5ykrufJkCt,4997960,2026-07,us
acct_1TvKs27RQyylwjul,5003060,2026-07,us
acct_1TvNps9kiNrqFjM7,5003641,2026-07,us
acct_1UHtPu4SnyDzLgWU,5026428,2026-07,us
acct_1Txt6y9beVxMM3rV,5031414,2026-07,us
acct_1TxvxZ7XOjajDo2h,5031934,2026-07,us
acct_1Tx62e6RfqRMVwWL,3918394,2025-08,us
acct_1Tu2hJ7AFzbzGA0t,3926959,2025-08,us
acct_1UIJaK5gbwVkjhFn,3933308,2025-08,us
acct_1UEAeo9QahfXJP8C,3934972,2025-08,us
acct_1UBn0H5jwblXdhq6,3939524,2025-08,us
acct_1Tz2IR7RvjXrmjl8,4025894,2025-09,us
acct_1TUEPP5Bo3xhBpiQ,4043409,2025-10,us
acct_1U57417sSS4AbTaP,4077688,2025-10,gb
acct_1UIzp96NM5q5ypEN,3938884,2025-08,us
acct_1UMJaq4M4li8L7EX,3958276,2025-09,pr
acct_1TrNw86sAuyRJTS8,3961291,2025-09,us
acct_1U43M04WzrHbl5mv,4058849,2025-10,us
acct_1TvoVV5ZxALp1PbX,4140424,2025-11,us
acct_1U5cbX7jAVQB9fQL,4033008,2025-09,us
acct_1UFYKN7VcDD7nyNE,3977864,2025-09,us
acct_1UFGta9Qhrt1PteF,4016485,2025-09,us
acct_1U9X205A6bQYBtrF,4041711,2025-10,us
acct_1U2BWo8AUEoFE66O,4056076,2025-10,us
acct_1UMB4O9VgiJZNPpz,4137319,2025-11,pr
acct_1UCNK74dDMV8ogyt,3940867,2025-08,us
acct_1UHvtF8bruAoxruI,4136781,2025-11,us
acct_1UBkOg6UnbhuzH0q,4159827,2025-11,us
acct_1U0OYZ6mdt7ctpvP,4142155,2025-11,us
acct_1U6FQTQHCddZfFdM,4142527,2025-11,us
acct_1TrPN3GEDPkHKLTu,4145931,2025-11,us
acct_1UJGM34w4tiblfAl,3946836,2025-08,pr
acct_1TuHkp8ON8U3lfK3,3954921,2025-09,us
acct_1UDAjx8Ylz12CuK8,3993285,2025-09,us
acct_1U22Aq6aKsHWOimO,2291727,2023-05,us
acct_1Tuj4S5qso8hHeOo,2404143,2023-07,us
acct_1Tu24OG61FLqIJJO,2358281,2023-06,us
acct_1U58ek6PEBu0csTz,2363114,2023-06,gb
acct_1TUed06iLLgJ4rgC,2222197,2023-03,us
acct_1Tty3q5XZgMuE7ip,2262908,2023-04,us
acct_1TvVz5QFhduHwHIX,2365319,2023-06,us
acct_1TtuIg7bRxhnhKxd,2391296,2023-07,us
acct_1TyznT4Szd2E3Zdb,2265724,2023-04,us
acct_1TxzZo7dt8jx4iBk,2436058,2023-08,us
acct_1U33p75zHG3q6rjG,2258324,2023-04,us
acct_1UE3257ExEd5GrPb,2376889,2023-07,us
acct_1Tv0lz6YI3Em8Nfx,2411205,2023-07,us
acct_1U2YPw8J3hLaQP0M,2279361,2023-04,us
acct_1Twbg9GGqPiDxZG0,2331618,2023-06,us
acct_1TzKdc8chmVqcXV2,2397612,2023-07,us
acct_1UFjAr7F7BKDSRBO,2216335,2023-03,us
acct_1TUhRM7ayjBUdD68,2332003,2023-06,us
acct_1UJHyt9ovufv15Ag,2401814,2023-07,pr
acct_1U1Amp5T8AHVnUys,2421074,2023-07,us
acct_1UIChC7gKEDEzhvL,5246754,2026-09,us
acct_1UMbAm4jUlNkL4aO,5285776,2026-10,us
acct_1UMXDEGEJgmysin3,5289327,2026-10,us
acct_1UMamG9TluawZ5p9,5289785,2026-10,us
acct_1UMbrfGHNYcwQJg6,5289842,2026-10,us
acct_1TyAEE7Jnz4DHkuz,5034880,2026-07,us
acct_1U2CtW8b9lilius3,5035992,2026-07,us
acct_1UDUu98flAKgMsNs,5034930,2026-07,us
acct_1TyJLW82DaH6o1JS,5035289,2026-07,us
acct_1TyEi15cT2p74WCG,5035956,2026-07,us
acct_1TyBZ96RhPZ1Uu4r,5035172,2026-07,us
acct_1UJuYy4RPh00blGm,5263659,2026-09,us
acct_1UJERC6Wy0yyEX1g,5257098,2026-09,us
acct_1UK37A74foUZJDMW,5264924,2026-09,us
acct_1U2WqV7JstXg1l0E,4433320,2026-02,us
acct_1Ttxao7GWD4xNmcf,4453268,2026-02,us
acct_1UMKBh55Bqlf495F,5280819,2026-10,us
acct_1UJv5o6KLVxRjwZi,5263710,2026-09,us
acct_1UHQin79Tya3nQY2,5239188,2026-09,us
acct_1UHS8P9GvnhwozsS,5239222,2026-09,us
acct_1UL4XH7eFAQeomaV,5261773,2026-09,us
